{
	"BUILD_DIR" : "D:/67 tasks/c++/duolingo/demo_game1/untitled4_autogen",
	"CMAKE_BINARY_DIR" : "D:/67 tasks/c++/duolingo/demo_game1",
	"CMAKE_CURRENT_BINARY_DIR" : "D:/67 tasks/c++/duolingo/demo_game1",
	"CMAKE_CURRENT_SOURCE_DIR" : "D:/67 tasks/c++/duolingo/demo_game1",
	"CMAKE_SOURCE_DIR" : "D:/67 tasks/c++/duolingo/demo_game1",
	"CROSS_CONFIG" : false,
	"GENERATOR" : "Ninja",
	"INCLUDE_DIR" : "D:/67 tasks/c++/duolingo/demo_game1/untitled4_autogen/include",
	"INPUTS" : 
	[
		"D:/67 tasks/c++/duolingo/demo_game1/Duolinga.jpg",
		"D:/67 tasks/c++/duolingo/demo_game1/backgr.jpg"
	],
	"LOCK_FILE" : "D:/67 tasks/c++/duolingo/demo_game1/CMakeFiles/untitled4_autogen.dir/AutoRcc_pic_EWIEGA46WW_Lock.lock",
	"MULTI_CONFIG" : false,
	"OPTIONS" : [ "--no-zstd", "-name", "pic" ],
	"OUTPUT_CHECKSUM" : "EWIEGA46WW",
	"OUTPUT_NAME" : "qrc_pic.cpp",
	"RCC_EXECUTABLE" : "C:/Qt/6.8.1/mingw_64/bin/rcc.exe",
	"RCC_LIST_OPTIONS" : [ "--list" ],
	"SETTINGS_FILE" : "D:/67 tasks/c++/duolingo/demo_game1/CMakeFiles/untitled4_autogen.dir/AutoRcc_pic_EWIEGA46WW_Used.txt",
	"SOURCE" : "D:/67 tasks/c++/duolingo/demo_game1/pic.qrc",
	"USE_BETTER_GRAPH" : true,
	"VERBOSITY" : 0
}
